CREATE DATABASE `spotify`;CREATE TABLE `spotify`.`users` (
    `id` INT NOT NULL AUTO_INCREMENT,
    `username` VARCHAR(25) NOT NULL,
    `firstName` VARCHAR(50) NOT NULL,
    `lastName` VARCHAR(50) NOT NULL,
    `email` VARCHAR(200) NOT NULL,
    `password` VARCHAR(32) NOT NULL,
    `signUpDate` DATETIME NOT NULL,
    `profilePic` VARCHAR(500) NOT NULL,
    PRIMARY KEY (`id`)
);

CREATE TABLE `spotify`.`songs` (
    `id` INT NOT NULL AUTO_INCREMENT,
    `title` VARCHAR(50) NOT NULL,
    `artist` INT NOT NULL,
    `album` INT NOT NULL,
    `genre` INT NOT NULL,
    `duration` VARCHAR(8) NOT NULL,
    `path` VARCHAR(500) NOT NULL,
    `albumOrder` INT NOT NULL,
    `plays` INT NOT NULL,
    PRIMARY KEY (`id`)
); 

CREATE TABLE `spotify`.`genres` (
    `id` INT NOT NULL AUTO_INCREMENT,
    `name` VARCHAR(50) NOT NULL,
    PRIMARY KEY (`id`)
); 

CREATE TABLE `spotify`.`artists` (
    `id` INT NOT NULL AUTO_INCREMENT,
    `name` VARCHAR(50) NOT NULL,
    PRIMARY KEY (`id`)
);

CREATE TABLE `spotify`.`albums` ( 
    `id` INT NOT NULL AUTO_INCREMENT , 
    `title` VARCHAR(100) NOT NULL , 
    `artist` INT NOT NULL , 
    `genre` INT NOT NULL , 
    `artworkPath` VARCHAR(500) NOT NULL , 
    PRIMARY KEY (`id`)
);


-- inserting values
-- albums

INSERT INTO `albums` (`id`, `title`, `artist`, `genre`, `artworkPath`) VALUES
(1, 'Bacon and Eggs', 2, 4, 'assets/images/artwork/clearday.jpg'),
(2, 'Pizza head', 5, 10, 'assets/images/artwork/energy.jpg'),
(3, 'Summer Hits', 3, 1, 'assets/images/artwork/goinghigher.jpg'),
(4, 'The movie soundtrack', 2, 9, 'assets/images/artwork/funkyelement.jpg'),
(5, 'Best of the Worst', 1, 3, 'assets/images/artwork/popdance.jpg'),
(6, 'Hello World', 3, 6, 'assets/images/artwork/ukulele.jpg'),
(7, 'Best beats', 4, 7, 'assets/images/artwork/sweet.jpg');

-- artists

INSERT INTO `artists` (`id`, `name`) VALUES
(1, 'Mickey Mouse'),
(2, 'Goofy'),
(3, 'Bart Simpson'),
(4, 'Homer'),
(5, 'Bruce Lee');

-- genres

INSERT INTO `genres` (`id`, `name`) VALUES
(1, 'Rock'),
(2, 'Pop'),
(3, 'Hip-hop'),
(4, 'Rap'),
(5, 'R & B'),
(6, 'Classical'),
(7, 'Techno'),
(8, 'Jazz'),
(9, 'Folk'),
(10, 'Country');

-- songs

INSERT INTO `Songs` (`id`, `title`, `artist`, `album`, `genre`, `duration`, `path`, `albumOrder`, `plays`) VALUES
(1, 'Acoustic Breeze', 1, 5, 8, '2:37', 'assets/music/bensound-acousticbreeze.mp3', 1, 0),
(2, 'A new beginning', 1, 5, 1, '2:35', 'assets/music/bensound-anewbeginning.mp3', 2, 0),
(3, 'Better Days', 1, 5, 2, '2:33', 'assets/music/bensound-betterdays.mp3', 3, 0),
(4, 'Buddy', 1, 5, 3, '2:02', 'assets/music/bensound-buddy.mp3', 4, 0),
(5, 'Clear Day', 1, 5, 4, '1:29', 'assets/music/bensound-clearday.mp3', 5, 0),
(6, 'Going Higher', 2, 1, 1, '4:04', 'assets/music/bensound-goinghigher.mp3', 1, 0),
(7, 'Funny Song', 2, 4, 2, '3:07', 'assets/music/bensound-funnysong.mp3', 2, 0),
(8, 'Funky Element', 2, 1, 3, '3:08', 'assets/music/bensound-funkyelement.mp3', 2, 0),
(9, 'Extreme Action', 2, 1, 4, '8:03', 'assets/music/bensound-extremeaction.mp3', 3, 0),
(10, 'Epic', 2, 4, 5, '2:58', 'assets/music/bensound-epic.mp3', 3, 0),
(11, 'Energy', 2, 1, 6, '2:59', 'assets/music/bensound-energy.mp3', 4, 0),
(12, 'Dubstep', 2, 1, 7, '2:03', 'assets/music/bensound-dubstep.mp3', 5, 0),
(13, 'Happiness', 3, 6, 8, '4:21', 'assets/music/bensound-happiness.mp3', 5, 0),
(14, 'Happy Rock', 3, 6, 9, '1:45', 'assets/music/bensound-happyrock.mp3', 4, 0),
(15, 'Jazzy Frenchy', 3, 6, 10, '1:44', 'assets/music/bensound-jazzyfrenchy.mp3', 3, 0),
(16, 'Little Idea', 3, 6, 1, '2:49', 'assets/music/bensound-littleidea.mp3', 2, 0),
(17, 'Memories', 3, 6, 2, '3:50', 'assets/music/bensound-memories.mp3', 1, 0),
(18, 'Moose', 4, 7, 1, '2:43', 'assets/music/bensound-moose.mp3', 5, 0),
(19, 'November', 4, 7, 2, '3:32', 'assets/music/bensound-november.mp3', 4, 0),
(20, 'Of Elias Dream', 4, 7, 3, '4:58', 'assets/music/bensound-ofeliasdream.mp3', 3, 0),
(21, 'Pop Dance', 4, 7, 2, '2:42', 'assets/music/bensound-popdance.mp3', 2, 0),
(22, 'Retro Soul', 4, 7, 5, '3:36', 'assets/music/bensound-retrosoul.mp3', 1, 0),
(23, 'Sad Day', 5, 2, 1, '2:28', 'assets/music/bensound-sadday.mp3', 1, 0),
(24, 'Sci-fi', 5, 2, 2, '4:44', 'assets/music/bensound-scifi.mp3', 2, 0),
(25, 'Slow Motion', 5, 2, 3, '3:26', 'assets/music/bensound-slowmotion.mp3', 3, 0),
(26, 'Sunny', 5, 2, 4, '2:20', 'assets/music/bensound-sunny.mp3', 4, 0),
(27, 'Sweet', 5, 2, 5, '5:07', 'assets/music/bensound-sweet.mp3', 5, 0),
(28, 'Tenderness ', 3, 3, 7, '2:03', 'assets/music/bensound-tenderness.mp3', 4, 0),
(29, 'The Lounge', 3, 3, 8, '4:16', 'assets/music/bensound-thelounge.mp3 ', 3, 0),
(30, 'Ukulele', 3, 3, 9, '2:26', 'assets/music/bensound-ukulele.mp3 ', 2, 0),
(31, 'Tomorrow', 3, 3, 1, '4:54', 'assets/music/bensound-tomorrow.mp3 ', 1, 0);